{
	"title": "unitsorterDashbrd.indusctFrLstHr",
	"container": { 
			"leftSegment":{
				"components": [
					{
							"type": "SpeedoMeterD3",
							"options": {
								"float": "left",
								"width": "99",
								"query": "query GetInductsForLastHour($startTime: Long!, $goalVal: Int, $sorterid: String!) { getUSSDataForLastXMins(startTime: $startTime, xMins: 60, goalVal: $goalVal, duration:\"0-hours\", sorterid: $sorterid) { inductsPercent } }",
								"height": 120,
								"width": 120,
								"needleLength": 55,
								"needleRadius": 3,
								"needleColor": "#000",
								"barWidth": 12,
								"textSize": "25px",
								"segments": 3,
								"segmentColors": ["#d0021b", "#f8e71c", "#2ecc71"],
								"segmentPercentage": [ 25, 25, 50 ]									
							}
						}						
						]
			},
			"rightSegment":{
				"components": [
					{
							"type": "Goal",
							"options": {
								"float": "right",
								"width": "49",
								"query": "query GetInductsForLastHour($startTime: Long!, $goalVal: Int, $sorterid: String!) { getUSSDataForLastXMins(startTime: $startTime, xMins: 60, goalVal: $goalVal, duration:\"0-hours\", sorterid: $sorterid) { inducts } }",
								"goalFontColor": "#2ecc71"
								
							}					
					},
					{
							"type": "Line chart",
							"options": {
							        "label": "unitsorterDashbrd.lastXhrs",
								"float": "right",
								"width": "49",
								"query": "query GetInductsForLastHour($startTime: Long!, $goalVal: Int, $sorterid: String!) { getUSSDataForLastXMins(startTime: $startTime, xMins: 60, goalVal: $goalVal, duration:\"5-hours\", sorterid: $sorterid) { inductsLastXHours{ inducts hour } } }",
						
								"BGColor": "#f8e71c"							
							}					
					}
				]
			}			
		}
}



