{
	"container": { 
			"leftSegment":{
				"components": [
					{
						"type": "progressBar-inducts",
						"options": {
							"title": "unitsorterDashbrd.sorters.indusctFrLstHr",
							"float": "left",
							"width": "33",
							"query": "query GetUnitSorterDetails($startTime: Long!) { getUnitSorterDetails(startTime: $startTime, xMins: 60) { sorterId inducts } }"
						}
					},
					{
						"type": "progressBar-sorts",
						"options": {
							"title": "unitsorterDashbrd.sorters.sortsFrLstHr",
							"float": "left",
							"width": "33",
							"query": "query GetUnitSorterDetails($startTime: Long!) { getUnitSorterDetails(startTime: $startTime, xMins: 60) { sorterId sorts } }"
						}
					},
					{
						"type": "chuteDetails",
						"options": {
							"full": "unitsorterDashbrd.sorters.full",						
							"float": "left",
							"width": "33",
							"query": "query GetUnitSorterDetails($startTime: Long!) { getUnitSorterDetails(startTime: $startTime, xMins: 60) { sorterId assignedPercent fullCount } }",
							"title": "unitsorterDashbrd.sorters.chuteStatus",	
							"assigned": "unitsorterDashbrd.sorters.assigned"
						}
					},
					{
						"type": "sorterDetails",
						"options": {
							"query": "query GetUnitSorterDetails($startTime: Long!) { getUnitSorterDetails(startTime: $startTime, xMins: 60) { sorterId } }"							
						}
					}						
				]
			},
			"rightSegment":{
				"components": [
				
				]
			}			
		}
}



