{
	"title": "unitsorterDashbrd.waveStatsTody",
	"container": { 
			"waves":"unitsorterDashbrd.waves",
			"units": "unitsorterDashbrd.units",
			"leftSegment":{
				"components": [
					{
							"type": "progressBar",
							"options": {
								"float": "left",
								"width": "99",
								"query": "{ getWaveStatusData { allocated sorted remaining waves units allocatedPercentage sortedPercentage remainingPercentage } }",
								"danger": "#d0021b",
								"warning": "#f8e71c",
								"success": "#2ecc71"
							},
							"labels": {
								"float": "left",
								"width": "99",
								"allocated": "unitsorterDashbrd.waveStatus.allocated",
								"sorted": "unitsorterDashbrd.waveStatus.sorted",
								"remaining": "unitsorterDashbrd.waveStatus.remaining"
							}
					}						
				]
			},
			"rightSegment":{
				"components": [
					
				]
			}			
		}
}



