{
	"title":"unitsorterDashbrd.Chute status",	
	"container": { 
			"leftSegment":{
				"components": [
					{
						"type": "Donut chart",
						"options": {
							"legendLabel":"donutChart.Chute Utilization",
							"float": "left",
							"width": "33",
							"query": "query GetChuteStatusDetails($startTime: Long!, $sorterId: String!) { getChuteStatusDetails(startTime: $startTime, xMins: 1440, sorterId: $sorterId) { sorterId chuteUtilization details { label value percent } } }",
							"colors":["#d0021b", "#7ed321", "#f8e71c", "#9f9c9c"],
							"innerRadius":0.5,
							"legend":true,
							"clickToggle":false,
							"startAngle":270,
							"toggledOffset":0.02,
							"selectedOffset":0.010
						}
					},
					{
						"type": "Footer-assigned",
						"options": {
							"title":"indvlSoterDashbrd.Assigned",			
							"float": "left",
							"width": "33",
							"query": "query GetChuteStatusDetails($startTime: Long!, $sorterId: String!) { getChuteStatusDetails(startTime: $startTime, xMins: 1440, sorterId: $sorterId) { sorterId assigned } }"
						}
					},
					{
						"type": "Footer-notAssigned",
						"options": {
							"title":"indvlSoterDashbrd.Not Assigned",
							"float": "left",
							"width": "33",
							"query": "query GetChuteStatusDetails($startTime: Long!, $sorterId: String!) { getChuteStatusDetails(startTime: $startTime, xMins: 1440, sorterId: $sorterId) { sorterId notAssigned } }"
						}
					},
					{
						"type": "Footer-perAssigned",
						"options": {
							"title":"indvlSoterDashbrd.% Assigned",
							"float": "left",
							"width": "33",
							"query": "query GetChuteStatusDetails($startTime: Long!, $sorterId: String!) { getChuteStatusDetails(startTime: $startTime, xMins: 1440, sorterId: $sorterId) { sorterId assignedPercent } }"
						}
					}					
				]
			},
			"rightSegment": {
				"components": [
				
				]
			}
		}
}

				