{
	"container": { 
			"leftSegment":{
				"components": [
					{
						"type": "runtime",
						"options": {
							"title": "indvlSoterDashbrd.Runtime",
							"color": "#008bff",
							"query": "query GetSorterCurrentRuntime($startTime: Long!, $sorterId: String!) { getSorterCurrentRuntime(startTime: $startTime, xMins: 1440, sorterId: $sorterId) }"
						}
					},
					{
						"type": "total",
						"options": {
							"title": "indvlSoterDashbrd.Total",
							"color": "#008bff",
							"query": "query GetTotalRunTime($startTime: Long!, $sorterId: String!) { getTotalRunTime(startTime: $startTime, xMins: 1440, sorterId: $sorterId) }"
						}
					},
					{
						"type": "stops",
						"options": {
							"title": "indvlSoterDashbrd.Stops",
							"color": "#008bff",
							"query": "query GetNumberOfStops($startTime: Long!, $sorterId: String!) { getNumberOfStops(startTime: $startTime, xMins: 1440, sorterId: $sorterId) }"							
						}
					}						
				],
			"rightSegment": {
				"components": [
				
				]
			}
		}
	}
}


